TITLE,PRICE,IMG
SANSUI Monitor 22 Inch IPS 75Hz FHD 1080P HDMI VGA Ports Computer Monitor Ultra-Thin Tilt Adjustable VESA Mount Compatible with Eye Comfort 178° Wide Viewing Angle for Game and Office(ES-22X3), $69.99 , https://m.media-amazon.com/images/I/71CqZMlHW0L._AC_UL320_.jpg 
ARZOPA 2K Portable Monitor 16" 2560x1600 HDR Kickstand Display. 500nits 8bit QHD USB-C HDMI Laptop Monitor. 16:10 IPS Eye Care External Second Screen for Mac PC Phone PS4/5 Xbox Switch-Z1RC, $219.99 , https://m.media-amazon.com/images/I/61XGmdHK0oL._AC_UL320_.jpg 
Atomos Ninja V Ninja V 4Kp60 10bit HDR Daylight Viewable 1000nit Portable Monitor/Recorder ATOMNJAV01, null , https://m.media-amazon.com/images/I/61b12z2RAXL._AC_UL320_.jpg 
BenQ Zowie XL2546X Gaming Monitor | 24.5 | Fast TN 240Hz | Gaming Monitor for Esports | Motion Clarity DyAc™2 | 1080p | XL Setting to Share | S Switch | Adjustable Height & Tilt. Black, $499.99 , https://m.media-amazon.com/images/I/5156DDJOYxL._AC_UL320_.jpg 
DP Display Port Dummy Plug- DisplayPort Display Emulator EDID Emulator Plug (fit Headless 2560x1600@30Hz), $6.99 , https://m.media-amazon.com/images/I/51FiPqXrQTL._AC_UL320_.jpg 
KOORUI QHD Curved 27 Inch Monitor. Fast VA Computer Gaming Monitor(2560 * 1440P. R1800. 144Hz. 1ms. DCI-P3 85%. DP+HDMI. Game Mode. Eye Protection. Rocker Button). Narrow Bezel, $169.58 , https://m.media-amazon.com/images/I/717anHxSDkL._AC_UL320_.jpg 
Elo 1902L 19" Square TouchPro PCAP Touchscreen Monitor with Stand for POS. Retail. Hospitality - 10 Touch, $695.99 , https://m.media-amazon.com/images/I/71YKgzyvo3L._AC_UL320_.jpg 
FEELWORLD D71 Plus -H Dual 7" 3RU IPS 1920x1200 Broadcast LCD Rack Mount Monitor with HDMI. AV Input and Output, $429.99 , https://m.media-amazon.com/images/I/61gE1I-2boL._AC_UL320_.jpg 
SANSUI Monitor 22 Inch IPS 75Hz FHD 1080P HDMI VGA Ports Computer Monitor Ultra-Thin Tilt Adjustable VESA Mount with 178° Wide Viewing Angle - Ultimate Home & Office Visual Upgrade (ES-22X3), $69.99 , https://m.media-amazon.com/images/I/61U0jSbWidL._AC_UL320_.jpg 
Simple Deluxe Monitor 22 Inch IPS 75Hz FHD 1080P HDMI VGA Ports Computer Monitor Ultra-Thin Tilt Adjustable VESA Mount Compatible with Eye Comfort 178° Wide Viewing Angle SANSUI (ES-22X3), $69.99 , https://m.media-amazon.com/images/I/81NebJwlQkL._AC_UL320_.jpg 
c-force Portable Monitor 15.6inch 2.5K QHD 2560x1440 144Hz 100% P3 USB C. HDMI High Refresh Rate Computer Display HDR IPS Gaming Monitor. Speakers. for Laptop PC MAC Phone PS5 Xbox Switch, $179.99 , https://m.media-amazon.com/images/I/71L4hJrNWoL._AC_UL320_.jpg 
RICOH 150 Portable 15.6" Vivid OLED Lightweight Display Monitor and Touchscreen - for Laptop. Desktop. Mac. PC. Black, $528.74 , https://m.media-amazon.com/images/I/61MutfzA4JL._AC_UL320_.jpg 
2.5K Portable Monitor for Laptop16 Inch 2560 * 1600 100% sRGB Comupter Gaming Display with HDR USB C HDMI. Ideal for Travel. Second. Extend Screen, $159.99 , https://m.media-amazon.com/images/I/71o4L1bY6dL._AC_UL320_.jpg 
HP SBUY E24Q G5 QHD Monitor, $299.00 , https://m.media-amazon.com/images/I/51HBZusyWdL._AC_UL320_.jpg 
Elo Touch E326154 Elo. 1590L. 15-Inch LCD (Led Backlight). Open Frame. Hdmi. Vga and Display Port Video Interface. Accutouch. USB and Rs232 Touch Controller Interface. Worldwide-Version, $510.99 , https://m.media-amazon.com/images/I/71riYf-SNXL._AC_UL320_.jpg 
Simple Deluxe SANSUI 22 Inch Monitor IPS 75Hz FHD 1080P HDMI VGA Ports Computer Monitor with Linkyou 30W Stereo Sound. IPX7 Waterproof Portable Speaker (30H. RGB).Black, $99.99 , https://m.media-amazon.com/images/I/81+i6bFmONL._AC_UL320_.jpg 
Simple Deluxe Monitor 22 Inch IPS 75Hz FHD 1080P HDMI VGA Ports Computer Monitor Ultra-Thin Tilt Adjustable VESA Mount Compatible with Eye Comfort 178° Wide Viewing Angle SANSUI (ES-22X3), $79.99 , https://m.media-amazon.com/images/I/81NebJwlQkL._AC_UL320_.jpg 
Zopsc 3.5 inch Raspberry Pi LCD Screen Display. Supports 1080P Display. HDMI Monitor IPS 60fps for Raspberry Pi + Black Acrylic Case with Multi Languages OSD Menu, $53.20 , https://m.media-amazon.com/images/I/61tOKqS1hEL._AC_UL320_.jpg 
iPower Monitor 22 Inch IPS 75Hz FHD 1080P HDMI VGA Ports Computer Monitor.Black, $69.99 , https://m.media-amazon.com/images/I/81NebJwlQkL._AC_UL320_.jpg 
Targus 24-inch USB-C Docking Computer Monitor w/ 100W PD. Adjustable Height Mac PC Monitor 360 Degree Rotating 24 inch Monitor Gaming Monitor w/Dock. Dual Monitor Compatible w/DM4240SUSZ (DM4240PUSZ), null , https://m.media-amazon.com/images/I/81dUYtJzvDL._AC_UL320_.jpg 
Lenovo Legion R27q-30 – Gaming Monitor - 27" QHD Display - 165Hz–180Hz - .5ms–4ms Response Time - AMD FreeSync Premium - VESA Adaptive Sync - Lift/Tilt/Pivot/Swivel Stand - HDMI - DisplayPort - Audio, $304.99 , https://m.media-amazon.com/images/I/71RKTHvdd5L._AC_UL320_.jpg 
Portable Monitor 15.6inch 100% DCI-P3 QLED Display，USB C HDMI Gaming Ultra-Slim IPS Display，Smart Cover & Speakers.HDR Plug&Play for Laptop/PC/MAC/Phone/PS/NS/Xbox/Swich, $138.99 , https://m.media-amazon.com/images/I/816I2matT3L._AC_UL320_.jpg 
10.1 Inch 1280x800 Touchscreen Monitor HDMI Capacitive LCD Display Speaker Case for RPI 4B 3B+ 3B 3A+ 2B B+, null , https://m.media-amazon.com/images/I/51IE8zvv-5L._AC_UL320_.jpg 
LG 27" 27BR650B-C Monitor - 3 Year Warranty, $287.99 , https://m.media-amazon.com/images/I/61f7NrtJYRL._AC_UL320_.jpg 
Dell E2318HR 23" LED-Backlit Flat Panel LCD Monitor (Renewed), $79.98 , https://m.media-amazon.com/images/I/81GVPYQf2cL._AC_UL320_.jpg 
Ergotron – WorkFit Monitor and Laptop Kit – for Monitors Up to 24 inches. 6 to 16 lbs – Add-on for WorkFit-T. WorkFit-TL. WorkFit-TX and WorkFit Corner – Black, null , https://m.media-amazon.com/images/I/61JS8ISfGlL._AC_UL320_.jpg 
14.5inch 2560 * 720 2K Portable Touchscreen Stretched Bar LCD Display Secondary Monitoring Screen for PC Aida64 Raspberry pi CPU GPU RAM Temperature Speed Display, $259.00 , https://m.media-amazon.com/images/I/61gTj2DguIL._AC_UL320_.jpg 
LG 24 Monitor. 1920 X 1080. 16:9 IPS. HDMI. DP. DVI, $214.55 , https://m.media-amazon.com/images/I/41UYF9B88-L._AC_UL320_.jpg 
LG 24CQ651W-BP - Thin Client - All-in-one - 1 x Pentium N6005 Monitor: LED 23.8" 1920 x 1080 (Full HD), $465.10 , https://m.media-amazon.com/images/I/715TiPmBfnL._AC_UL320_.jpg 
LG TBA - Replacement for 27BK550Y-I, $226.70 , https://m.media-amazon.com/images/I/51KSJ8BfHUL._AC_UL320_.jpg 
Raspberry Pi Touch Screen 7 Inch 1024X600 LCD TFT Display HDMI Monitor with Protective Case for Raspberry Pi 3 2 1 Model B B+ A BB Black PC. LEP711, $69.99 , https://m.media-amazon.com/images/I/71Jcw8TXe4L._AC_UL320_.jpg 
LG Electronics S-Class 25UM64-S 25-Inch Screen LED-Lit Monitor, null , https://m.media-amazon.com/images/I/711QyB83DKL._AC_UL320_.jpg 
Targus 24-inch Secondary Monitor (DM4240SUSZ), null , https://m.media-amazon.com/images/I/711OiGgTunL._AC_UL320_.jpg 
Samsung F24T450FZN 24 Inches Monitor. IPS Panel. HDMIx2 DP USB HUB (Renewed), $149.99 , https://m.media-amazon.com/images/I/71O1iMdNsCL._AC_UL320_.jpg 
HON 1 Display(s) Supported - 75 x 75. 100 x 100 VESA Standard-BSMAUSB-Technology, $109.86 , https://m.media-amazon.com/images/I/61LqtOg+okL._AC_UL320_.jpg 
Panasonic TH-32EF1 - Optional Stand in Black, $213.32 , https://m.media-amazon.com/images/I/31zVN1hYiBL._AC_UL320_.jpg 
Touchscreen Monitor 10.1 Inch HDMI Capacitive LCD Display 1280x800 Speaker Case for RPi 4B 3B+ 3B 3A+ 2B B+ (10.1inch-hdmi-2560), $99.99 , https://m.media-amazon.com/images/I/41o+TCr5jnL._AC_UL320_.jpg 
HP SS519B#EEE 550-SHEET Feeder WW Generic for S-Print for Samsung Sl-SCF3001, $232.35 , https://m.media-amazon.com/images/I/219U5Q4YvsL._AC_UL320_.jpg 
